triplet,inst,b32char
TTT,pop8s2,A
TTC,pop8s2,B
TTA,zero,C
TTG,zero,D
CTT,zero,E
CTC,zero,F
CTA,zero,G
CTG,zero,H
ATT,xchg03,I
ATC,xchg03,J
ATA,xchg03,K
ATG,"deflabel,startfunc",EOS
GTT,call,L
GTC,call,M
GTA,call,N
GTG,call,O
TCT,one,P
TCC,one,Q
TCA,one,R
TCG,one,S
CCT,xchg13,T
CCC,xchg13,U
CCA,xchg13,V
CCG,xchg13,W
ACT,xchg23,X
ACC,xchg23,Y
ACA,xchg23,Z
ACG,xchg23,2
GCT,ifz,3
GCC,ifz,4
GCA,ifz,5
GCG,ifz,6
TAT,lshift,7
TAC,lshift,\
TAA,endfunc,B
TAG,endfunc,C
CAT,nand,D
CAC,nand,E
CAA,push8s0,F
CAG,push8s0,G
AAT,push8s1,H
AAC,push8s1,I
AAA,push8s2,J
AAG,push8s2,K
GAT,pop8s0,L
GAC,pop8s0,M
GAA,pop8s1,N
GAG,pop8s1,O
TGT,read,P
TGC,read,Q
TGA,endfunc,R
TGG,exit,S
CGT,pushl8,T
CGC,pushl8,U
CGA,pushl8,V
CGG,pushl8,W
AGT,one,X
AGC,one,Y
AGA,pushl8,Z
AGG,pushl8,2
GGT,print,3
GGC,print,4
GGA,print,5
GGG,print,6
